{"cameraMode":{"drawMode":0,"name":"Shaded","section":"Shading Mode"},"sceneLighting":true,"audioPlay":false,"sceneViewState":{"m_AlwaysRefresh":false,"showFog":true,"showSkybox":true,"showFlares":true,"showImageEffects":true,"showParticleSystems":true,"showVisualEffectGraphs":true,"m_FxEnabled":true},"in2DMode":false,"pivot":{"x":0.907666027545929,"y":2.584005832672119,"z":-1.9039826393127442},"rotation":{"x":-0.0006279150838963687,"y":0.9973540306091309,"z":-0.07224437594413758,"w":-0.00867592915892601},"size":3.682590961456299,"orthographic":false}