{"cameraMode":{"drawMode":0,"name":"Shaded","section":"Shading Mode"},"sceneLighting":true,"audioPlay":false,"sceneViewState":{"m_AlwaysRefresh":false,"showFog":true,"showSkybox":true,"showFlares":true,"showImageEffects":true,"showParticleSystems":true,"showVisualEffectGraphs":true,"m_FxEnabled":true},"in2DMode":false,"pivot":{"x":3.551098108291626,"y":6.291399955749512,"z":-14.432220458984375},"rotation":{"x":-0.0009223634842783213,"y":0.9979799389839172,"z":0.060676753520965579,"w":0.02025480940937996},"size":8.177480697631836,"orthographic":false}